[{"model": "AppTournois.equipe", "pk": 1, "fields": {"nom_equipe": "FCB", "nom_entraineur": "Paul Guegdes", "joueurs": "Lilian Thuram\r\nÉric Cantona\r\nMichel Platini\r\nThierry Henry\r\nJust Fontaine\r\nGianluiggi Buffon\r\nSergio Ramos\r\nRomario\r\nPaul Scholes\r\nRaúl - Espagne\r\nSergio Busquets"}}, {"model": "AppTournois.equipe", "pk": 2, "fields": {"nom_equipe": "Ivry", "nom_entraineur": "Andres Iniesta", "joueurs": "Luka Modric\r\nClaude Makélélé\r\nJuju Fitcat\r\nTibo Inshape\r\nEmma Carena\r\nBruce Wane\r\nBruce Grannec\r\nGénéral Kameto\r\nAlex Pellier\r\nMartin Matin \r\nNaruto Uzumaki\r\nSasuke Uchiha"}}, {"model": "AppTournois.equipe", "pk": 3, "fields": {"nom_equipe": "Les guerriers de la victoire", "nom_entraineur": "Julio Iglesias", "joueurs": "Fat Giorno\r\nGiornio Giovanni\r\nJoseph Joestar\r\nJonathan Joestar\r\nDio Brando\r\nPeter Parker \r\nAntoine Goya \r\nDanny Caligula \r\nYvick Mister\r\nCedric Doumbé\r\nGreg MMA"}}, {"model": "AppTournois.equipe", "pk": 4, "fields": {"nom_equipe": "Les vainqueurs éternels", "nom_entraineur": "Raphael Hassine", "joueurs": "Aurore Berger\r\nEmmanuel Macron\r\nManuel Valls\r\nEric Dupont-Moretti\r\nGérald Darmanin\r\nDidier Lallemand\r\nEden Hazard\r\nKarim Benzema \r\nKylian Mbappé\r\nRaphael Varane \r\nAndrès Iniesta"}}, {"model": "AppTournois.equipe", "pk": 5, "fields": {"nom_equipe": "PFC", "nom_entraineur": "Ngolo Kanté", "joueurs": "Paul Pogba \r\nIbrahim Konaté\r\nLucas Hernandez\r\nHugo Etikite\r\nXavi Simons\r\nElisabeth Borne\r\nRudy Kasparov\r\nHugo Décrypte \r\nXi Jinping\r\nJoe Biden\r\nBill Gates"}}, {"model": "AppTournois.equipe", "pk": 6, "fields": {"nom_equipe": "Terra Bellum", "nom_entraineur": "Joséphine Becker", "joueurs": "Thomas Tuchel\r\nAntony Martiel\r\nAntony Rudiger\r\nSerge Lama\r\nRobert Lewandowsky\r\nMarc Fang\r\nDalia Marthon\r\nWaniss Kesraoui\r\nValérian Coince\r\nLucas Pellier\r\nLucas Ferrier"}}, {"model": "AppTournois.equipe", "pk": 7, "fields": {"nom_equipe": "Algérie", "nom_entraineur": "José Martinez", "joueurs": "Pierre Croce \r\nSalomé Saqué \r\nHenry Tran\r\nKevin Tran \r\nDaniel Riolo\r\nThomas Ngijol\r\nSamir Nasri\r\nPresnel Kimpembe\r\nNapoléon Bonaparte\r\nJon Jones\r\nCyril Gane"}}, {"model": "AppTournois.equipe", "pk": 8, "fields": {"nom_equipe": "Anyway", "nom_entraineur": "Mysterious", "joueurs": "Rayyy Misterio"}}, {"model": "AppTournois.poule", "pk": 1, "fields": {"numero_poule": 1, "tournoi": 1, "equipes": [1, 2, 3, 4]}}, {"model": "AppTournois.poule", "pk": 2, "fields": {"numero_poule": 2, "tournoi": 1, "equipes": [5, 6, 7, 8]}}, {"model": "AppTournois.poule", "pk": 3, "fields": {"numero_poule": 2, "tournoi": 2, "equipes": [1, 2, 3, 4]}}, {"model": "AppTournois.poule", "pk": 4, "fields": {"numero_poule": 1, "tournoi": 2, "equipes": [5, 6, 7, 8]}}, {"model": "AppTournois.poule", "pk": 5, "fields": {"numero_poule": 1, "tournoi": 3, "equipes": [1, 2, 3, 4]}}, {"model": "AppTournois.poule", "pk": 6, "fields": {"numero_poule": 2, "tournoi": 3, "equipes": [5, 6, 7, 8]}}, {"model": "AppTournois.poule", "pk": 7, "fields": {"numero_poule": 1, "tournoi": 4, "equipes": [1, 2, 3, 4]}}, {"model": "AppTournois.poule", "pk": 8, "fields": {"numero_poule": 2, "tournoi": 4, "equipes": [5, 6, 7, 8]}}, {"model": "AppTournois.tournoi", "pk": 1, "fields": {"nom_tournoi": "Ultimate Fighting Champion", "nb_poules": 2, "nb_equipes_poule": 4, "lieu": "Paris", "dates": "2023-09-17T10:00:00Z", "liste_equipes": [1, 2, 3, 4, 5, 6, 7, 8]}}, {"model": "AppTournois.tournoi", "pk": 2, "fields": {"nom_tournoi": "Champions League", "nb_poules": 2, "nb_equipes_poule": 4, "lieu": "Paris", "dates": "2023-10-17T16:00:00Z", "liste_equipes": [1, 2, 3, 4, 5, 6, 7, 8]}}, {"model": "AppTournois.tournoi", "pk": 3, "fields": {"nom_tournoi": "Coupe de France", "nb_poules": 2, "nb_equipes_poule": 4, "lieu": "Paris", "dates": "2023-11-17T19:45:00Z", "liste_equipes": [1, 2, 3, 4, 5, 6, 7, 8]}}, {"model": "AppTournois.tournoi", "pk": 4, "fields": {"nom_tournoi": "Last but not Least", "nb_poules": 2, "nb_equipes_poule": 4, "lieu": "Ivry", "dates": "2023-12-17T18:00:00Z", "liste_equipes": [1, 2, 3, 4, 5, 6, 7, 8]}}, {"model": "AppTournois.match", "pk": 1, "fields": {"date_heure": "2023-09-18T15:00:00Z", "lieu": "Paris", "equipe1": 1, "equipe2": 2, "score_equipe1": 3, "score_equipe2": 1, "numero_poule": 1}}, {"model": "AppTournois.match", "pk": 2, "fields": {"date_heure": "2023-09-18T13:00:00Z", "lieu": "Paris", "equipe1": 3, "equipe2": 4, "score_equipe1": 1, "score_equipe2": 1, "numero_poule": 1}}, {"model": "AppTournois.match", "pk": 3, "fields": {"date_heure": "2023-09-19T10:00:00Z", "lieu": "Paris", "equipe1": 5, "equipe2": 6, "score_equipe1": 3, "score_equipe2": 4, "numero_poule": 2}}, {"model": "AppTournois.match", "pk": 4, "fields": {"date_heure": "2023-09-20T17:00:00Z", "lieu": "Ivry", "equipe1": 7, "equipe2": 8, "score_equipe1": 2, "score_equipe2": 1, "numero_poule": 2}}, {"model": "AppTournois.match", "pk": 5, "fields": {"date_heure": "2023-10-18T19:00:00Z", "lieu": "Las Vegas", "equipe1": 5, "equipe2": 7, "score_equipe1": 1, "score_equipe2": 0, "numero_poule": 4}}, {"model": "AppTournois.match", "pk": 6, "fields": {"date_heure": "2023-09-20T13:00:00Z", "lieu": "Toulouse", "equipe1": 6, "equipe2": 7, "score_equipe1": 5, "score_equipe2": 1, "numero_poule": 8}}, {"model": "AppTournois.match", "pk": 7, "fields": {"date_heure": "2023-09-19T10:00:00Z", "lieu": "London", "equipe1": 1, "equipe2": 3, "score_equipe1": 3, "score_equipe2": 2, "numero_poule": 3}}, {"model": "AppTournois.match", "pk": 8, "fields": {"date_heure": "2023-10-15T19:00:00Z", "lieu": "Toulouse", "equipe1": 1, "equipe2": 2, "score_equipe1": 3, "score_equipe2": 1, "numero_poule": 5}}, {"model": "AppTournois.match", "pk": 9, "fields": {"date_heure": "2023-10-15T15:00:00Z", "lieu": "Toulouse", "equipe1": 7, "equipe2": 6, "score_equipe1": 4, "score_equipe2": 1, "numero_poule": 6}}, {"model": "AppTournois.match", "pk": 10, "fields": {"date_heure": "2023-09-20T19:00:00Z", "lieu": "London", "equipe1": 4, "equipe2": 2, "score_equipe1": 2, "score_equipe2": 1, "numero_poule": 7}}, {"model": "auth.user", "pk": 1, "fields": {"password": "pbkdf2_sha256$600000$3xIYtWBJXqFPqBOOlDIOYK$XEwTQPNpHuIdxXZPoHGI7eyBXUi9b+XiHkuKTTw0lqY=", "last_login": "2023-04-20T20:29:05.174Z", "is_superuser": true, "username": "admin", "first_name": "", "last_name": "", "email": "raphael.hassine@sciencespo.fr", "is_staff": true, "is_active": true, "date_joined": "2023-04-18T13:23:40.189Z", "groups": [], "user_permissions": []}}, {"model": "auth.user", "pk": 2, "fields": {"password": "pbkdf2_sha256$600000$hCx3VNw90Q3CkyLC7vGxLb$gG+u91lVkQClwd1gRXlG99HMnZInot2Fa6T3C8YY4Es=", "last_login": "2023-04-20T19:22:39.294Z", "is_superuser": false, "username": "barbie", "first_name": "", "last_name": "", "email": "", "is_staff": false, "is_active": true, "date_joined": "2023-04-19T16:09:52.367Z", "groups": [], "user_permissions": []}}, {"model": "auth.user", "pk": 3, "fields": {"password": "pbkdf2_sha256$600000$45QV9YzEXITrGuU6oecldB$e243HO9aLqUJM6Hrz3gOCR4f2jwQ56Ja6zQ3wFJo1UU=", "last_login": null, "is_superuser": false, "username": "zizou", "first_name": "", "last_name": "", "email": "", "is_staff": false, "is_active": true, "date_joined": "2023-04-19T16:10:41.580Z", "groups": [], "user_permissions": []}}, {"model": "AppTournois.commentaire", "pk": 41, "fields": {"auteur": ["admin"], "match": 1, "date_heure": "2023-04-19T08:52:29.924Z", "contenu": "modifier"}}, {"model": "AppTournois.commentaire", "pk": 42, "fields": {"auteur": ["admin"], "match": 1, "date_heure": "2023-04-19T08:53:52.816Z", "contenu": "test"}}, {"model": "AppTournois.commentaire", "pk": 43, "fields": {"auteur": ["admin"], "match": 1, "date_heure": "2023-04-19T10:32:19.435Z", "contenu": "bonjour"}}, {"model": "AppTournois.commentaire", "pk": 44, "fields": {"auteur": ["admin"], "match": 2, "date_heure": "2023-04-19T10:33:47.240Z", "contenu": "essai"}}, {"model": "AppTournois.commentaire", "pk": 45, "fields": {"auteur": ["admin"], "match": 1, "date_heure": "2023-04-19T11:32:01.437Z", "contenu": "Ca marche !"}}, {"model": "AppTournois.commentaire", "pk": 46, "fields": {"auteur": ["barbie"], "match": 1, "date_heure": "2023-04-19T17:02:16.465Z", "contenu": "modifier"}}, {"model": "AppTournois.commentaire", "pk": 47, "fields": {"auteur": ["barbie"], "match": 1, "date_heure": "2023-04-20T13:56:58.737Z", "contenu": "non"}}, {"model": "AppTournois.commentaire", "pk": 48, "fields": {"auteur": ["barbie"], "match": 1, "date_heure": "2023-04-20T16:50:10.146Z", "contenu": "test"}}]